year,month,day,temp,temp_source,tmin,tmin_source,tmax,tmax_source,rhum,rhum_source,prcp,prcp_source,snwd,snwd_source,wspd,wspd_source,pres,pres_source,cldc,cldc_source
2025,1,1,24.2,ghcnd,20.2,ghcnd,32.1,isd_lite,79,isd_lite,4.9,metno_forecast,,,10.0,isd_lite,1008.8,isd_lite,5,isd_lite
2025,1,2,22.8,ghcnd,14.9,ghcnd,32.2,ghcnd,64,isd_lite metno_forecast,0.0,metno_forecast,,,10.3,isd_lite,1007.9,isd_lite,0,isd_lite
2025,1,3,18.9,ghcnd,11.1,ghcnd,29.8,ghcnd,63,isd_lite,0.0,metno_forecast,,,13.6,isd_lite,1010.5,isd_lite,1,isd_lite
2025,1,4,17.8,ghcnd,11.3,ghcnd,26.5,ghcnd,78,isd_lite,0.0,metno_forecast,,,9.2,isd_lite,1013.9,isd_lite,3,isd_lite
2025,1,5,18.8,ghcnd,12.8,ghcnd,26.0,ghcnd,75,isd_lite,0.0,metno_forecast,,,9.6,isd_lite,1015.5,isd_lite,3,isd_lite
2025,1,6,19.2,ghcnd,11.3,ghcnd,26.1,isd_lite,72,isd_lite,0.0,metno_forecast,,,8.6,isd_lite,1015.2,isd_lite,2,isd_lite
2025,1,7,21.3,ghcnd,15.1,ghcnd,28.1,isd_lite,71,isd_lite,0.0,metno_forecast,,,9.1,isd_lite,1014.7,isd_lite,3,isd_lite
2025,1,8,22.7,ghcnd,17.3,ghcnd,28.3,ghcnd,69,isd_lite,0.0,metno_forecast,,,9.3,isd_lite,1014.7,isd_lite,1,isd_lite
2025,1,9,23.7,ghcnd,18.5,ghcnd,30.2,isd_lite metno_forecast,65,isd_lite metno_forecast,0.0,metno_forecast,,,8.7,isd_lite metno_forecast,1013.1,isd_lite metno_forecast,0,isd_lite metno_forecast
2025,1,10,22.7,ghcnd,15.3,ghcnd,30.2,ghcnd,72,isd_lite,0.0,metno_forecast,,,8.8,isd_lite,1014.0,isd_lite,1,isd_lite
2025,1,11,22.4,ghcnd,15.2,ghcnd,29.3,ghcnd,72,isd_lite,0.0,metno_forecast,,,9.8,isd_lite,1016.5,isd_lite,1,isd_lite
2025,1,12,22.3,ghcnd,15.8,ghcnd,29.0,ghcnd,72,isd_lite,0.0,metno_forecast,,,8.5,isd_lite,1016.4,isd_lite,1,isd_lite
2025,1,13,24.7,ghcnd,19.8,ghcnd,30.0,isd_lite,65,isd_lite,0.0,metno_forecast,,,9.5,isd_lite,1013.0,isd_lite,1,isd_lite
2025,1,14,25.3,ghcnd,19.3,ghcnd,31.5,isd_lite,63,isd_lite,0.0,metno_forecast,,,8.3,isd_lite,1010.6,isd_lite,1,isd_lite
2025,1,15,26.2,ghcnd,20.6,ghcnd,33.5,isd_lite,64,isd_lite,0.0,metno_forecast,,,9.2,isd_lite,1010.4,isd_lite,0,isd_lite
2025,1,16,27.3,ghcnd,20.8,ghcnd,35.1,isd_lite,65,isd_lite,0.0,metno_forecast,,,8.3,isd_lite,1011.0,isd_lite,2,isd_lite
2025,1,17,25.9,ghcnd,20.0,ghcnd,35.1,ghcnd,74,isd_lite metno_forecast,0.5,metno_forecast,,,13.5,isd_lite metno_forecast,1012.7,isd_lite metno_forecast,4,isd_lite metno_forecast
2025,1,18,23.6,ghcnd,18.3,ghcnd,32.4,ghcnd,77,isd_lite,0.3,metno_forecast,,,12.9,isd_lite,1014.8,isd_lite,6,isd_lite
2025,1,19,21.5,isd_lite,19.7,isd_lite,25.8,isd_lite,91,isd_lite,10.1,metno_forecast,,,13.3,isd_lite,1013.6,isd_lite,7,isd_lite
2025,1,20,21.6,ghcnd,16.7,ghcnd,27.1,ghcnd,73,isd_lite,3.8,metno_forecast,,,13.8,isd_lite,1012.6,isd_lite,4,isd_lite
2025,1,21,21.1,ghcnd,13.4,ghcnd,28.5,isd_lite,72,isd_lite,0.0,metno_forecast,,,6.8,isd_lite,1011.6,isd_lite,2,isd_lite
2025,1,22,26.2,ghcnd,20.0,ghcnd,33.1,isd_lite metno_forecast,64,isd_lite metno_forecast,0.0,metno_forecast,,,7.5,isd_lite metno_forecast,1012.5,isd_lite metno_forecast,1,isd_lite metno_forecast
2025,1,23,27.3,ghcnd,20.1,ghcnd,34.5,isd_lite metno_forecast,70,isd_lite metno_forecast,0.0,metno_forecast,,,11.5,isd_lite metno_forecast,1012.7,isd_lite metno_forecast,2,isd_lite metno_forecast
2025,1,24,26.7,ghcnd,21.3,ghcnd,34.7,ghcnd,70,isd_lite,0.2,metno_forecast,,,6.4,isd_lite,1009.8,isd_lite,6,isd_lite
2025,1,25,24.8,ghcnd,17.2,ghcnd,31.5,ghcnd,57,isd_lite,0.0,metno_forecast,,,10.6,isd_lite,1014.2,isd_lite,2,isd_lite
2025,1,26,25.4,ghcnd,18.2,ghcnd,32.5,isd_lite,48,isd_lite,0.0,metno_forecast,,,8.4,isd_lite,1015.2,isd_lite,3,isd_lite
2025,1,27,25.2,ghcnd,20.3,ghcnd,32.4,ghcnd,63,isd_lite,3.8,metno_forecast,,,9.5,isd_lite,1011.0,isd_lite,3,isd_lite
2025,1,28,23.9,ghcnd,18.2,ghcnd,30.5,ghcnd,75,isd_lite,0.0,metno_forecast,,,9.9,isd_lite,1014.4,isd_lite,6,isd_lite
2025,1,29,23.8,ghcnd,17.9,ghcnd,31.0,ghcnd,76,isd_lite,0.6,metno_forecast,,,12.8,isd_lite,1017.0,isd_lite,3,isd_lite
2025,1,30,24.6,ghcnd,20.8,ghcnd,31.3,ghcnd,71,isd_lite,0.0,metno_forecast,,,11.7,isd_lite,1016.5,isd_lite,0,isd_lite
2025,1,31,23.9,ghcnd,20.0,ghcnd,29.5,ghcnd,69,isd_lite metno_forecast,0.0,metno_forecast,,,9.6,isd_lite metno_forecast,1012.4,isd_lite metno_forecast,1,isd_lite metno_forecast
2025,2,1,25.1,ghcnd,17.5,ghcnd,32.2,isd_lite,66,isd_lite,0.1,metno_forecast,,,8.0,isd_lite,1009.6,isd_lite,0,isd_lite
2025,2,2,27.2,ghcnd,20.4,ghcnd,33.6,isd_lite,62,isd_lite,0.0,metno_forecast,,,8.1,isd_lite,1007.6,isd_lite,1,isd_lite
2025,2,3,28.2,ghcnd,20.8,ghcnd,36.5,isd_lite,65,isd_lite,0.0,metno_forecast,,,6.5,isd_lite,1006.6,isd_lite,4,isd_lite
2025,2,4,25.6,ghcnd,21.5,ghcnd,38.1,ghcnd,72,isd_lite,0.0,ghcnd,,,9.6,isd_lite,1009.6,isd_lite,4,isd_lite
2025,2,5,22.0,isd_lite,20.0,isd_lite,24.3,isd_lite,92,isd_lite,59.4,metno_forecast,,,12.2,isd_lite,1009.7,isd_lite,7,isd_lite
2025,2,6,22.2,ghcnd,16.5,ghcnd,28.2,isd_lite,80,isd_lite,0.0,metno_forecast,,,6.8,isd_lite,1011.5,isd_lite,1,isd_lite metno_forecast
2025,2,7,24.5,ghcnd,17.6,ghcnd,30.5,isd_lite,68,isd_lite,0.0,metno_forecast,,,5.1,isd_lite,1016.3,isd_lite,0,isd_lite
2025,2,8,27.1,isd_lite,23.1,isd_lite,32.0,isd_lite,65,isd_lite,0.0,metno_forecast,,,11.4,isd_lite,1014.2,isd_lite,3,isd_lite
2025,2,9,23.3,ghcnd,17.2,ghcnd,32.0,ghcnd,74,isd_lite,0.0,metno_forecast,,,17.7,isd_lite,1017.1,isd_lite,3,isd_lite
2025,2,10,26.8,ghcnd,20.4,ghcnd,36.0,isd_lite metno_forecast,71,isd_lite metno_forecast,0.0,metno_forecast,,,10.8,isd_lite metno_forecast,1008.5,isd_lite metno_forecast,2,isd_lite metno_forecast
2025,2,11,22.2,ghcnd,14.9,ghcnd,35.9,ghcnd,85,isd_lite metno_forecast,18.0,ghcnd,,,16.5,isd_lite metno_forecast,1008.0,isd_lite metno_forecast,7,isd_lite metno_forecast
2025,2,12,21.4,ghcnd,16.8,ghcnd,25.0,isd_lite,81,isd_lite,0.0,ghcnd,,,14.9,isd_lite,1013.7,isd_lite,6,isd_lite
2025,2,13,21.6,ghcnd,12.4,ghcnd,29.7,isd_lite,64,isd_lite,0.0,metno_forecast,,,5.3,isd_lite,1017.3,isd_lite,0,isd_lite
2025,2,14,21.8,ghcnd,17.7,ghcnd,29.7,ghcnd,72,isd_lite,1.8,metno_forecast,,,9.5,isd_lite,1013.9,isd_lite,4,isd_lite
2025,2,15,22.2,ghcnd,16.4,ghcnd,27.4,ghcnd,82,isd_lite,7.0,metno_forecast,,,7.6,isd_lite,1009.4,isd_lite,4,isd_lite
2025,2,16,24.3,ghcnd,21.2,ghcnd,30.1,isd_lite metno_forecast,81,isd_lite metno_forecast,0.0,ghcnd,,,9.1,isd_lite metno_forecast,1006.5,isd_lite metno_forecast,5,isd_lite metno_forecast
2025,2,17,23.9,ghcnd,17.5,ghcnd,30.5,ghcnd,66,isd_lite,0.0,ghcnd,,,15.2,isd_lite,1010.9,isd_lite,2,isd_lite
2025,2,18,15.7,ghcnd,7.7,ghcnd,29.2,ghcnd,64,isd_lite,0.0,metno_forecast,,,8.8,isd_lite,1018.5,isd_lite,3,isd_lite
2025,2,19,19.3,ghcnd,11.3,ghcnd,27.7,isd_lite,65,isd_lite,0.0,metno_forecast,,,6.6,isd_lite,1013.3,isd_lite,1,isd_lite
2025,2,20,23.4,ghcnd,17.4,ghcnd,30.9,isd_lite metno_forecast,74,isd_lite metno_forecast,0.0,metno_forecast,,,7.3,isd_lite metno_forecast,1013.2,isd_lite metno_forecast,1,isd_lite metno_forecast
2025,2,21,27.4,ghcnd,22.0,ghcnd,33.5,isd_lite,73,isd_lite,0.1,metno_forecast,,,9.5,isd_lite,1013.9,isd_lite,2,isd_lite
2025,2,22,25.0,ghcnd,19.9,ghcnd,33.7,ghcnd,84,isd_lite,0.0,metno_forecast,,,13.1,isd_lite,1014.5,isd_lite,5,isd_lite
2025,2,23,25.8,ghcnd,20.8,ghcnd,30.2,isd_lite,80,isd_lite,0.0,metno_forecast,,,7.6,isd_lite,1013.1,isd_lite,5,isd_lite
2025,2,24,25.1,ghcnd,21.4,ghcnd,30.9,ghcnd,80,isd_lite,0.0,metno_forecast,,,11.8,isd_lite,1011.8,isd_lite,7,isd_lite
2025,2,25,23.8,ghcnd,19.3,ghcnd,27.7,isd_lite,84,isd_lite,0.0,metno_forecast,,,4.5,isd_lite,1011.6,isd_lite,6,isd_lite
2025,2,26,22.9,isd_lite,19.7,isd_lite,27.0,isd_lite,82,isd_lite,4.8,metno_forecast,,,16.6,isd_lite,1016.0,isd_lite,4,isd_lite
2025,2,27,23.5,ghcnd,19.5,ghcnd,27.6,ghcnd,82,isd_lite,0.0,metno_forecast,,,12.9,isd_lite,1014.7,isd_lite,6,isd_lite
2025,2,28,24.3,ghcnd,22.8,ghcnd,27.6,ghcnd,90,isd_lite metno_forecast,25.8,metno_forecast,,,9.2,isd_lite metno_forecast,1009.3,isd_lite metno_forecast,6,isd_lite metno_forecast
2025,3,1,24.2,ghcnd,20.8,ghcnd,28.5,ghcnd,85,isd_lite,0.1,metno_forecast,,,7.4,isd_lite,1009.9,isd_lite,6,isd_lite
2025,3,2,22.0,ghcnd,19.6,ghcnd,27.7,ghcnd,92,isd_lite metno_forecast,7.5,metno_forecast,,,9.4,isd_lite,1015.9,isd_lite,6,isd_lite
2025,3,3,22.5,ghcnd,19.8,ghcnd,24.6,ghcnd,96,isd_lite,99.1,ghcnd,,,9.3,isd_lite,1013.9,isd_lite,8,isd_lite
2025,3,4,22.6,ghcnd,19.3,ghcnd,25.5,isd_lite,92,isd_lite,15.0,ghcnd,,,11.7,isd_lite,1013.5,isd_lite,6,isd_lite
2025,3,5,27.7,ghcnd,21.8,ghcnd,34.5,isd_lite,80,isd_lite,0.0,ghcnd,,,8.4,isd_lite,1010.7,isd_lite,2,isd_lite
2025,3,6,28.3,ghcnd,23.3,ghcnd,34.5,isd_lite,79,isd_lite,0.7,metno_forecast,,,6.1,isd_lite,1012.0,isd_lite,2,isd_lite
2025,3,7,28.9,ghcnd,24.4,ghcnd,34.9,ghcnd,70,isd_lite,0.0,metno_forecast,,,8.7,isd_lite,1012.2,isd_lite,0,isd_lite
2025,3,8,19.0,isd_lite,15.6,isd_lite,28.7,isd_lite,85,isd_lite,9.6,metno_forecast,,,10.1,isd_lite,1017.2,isd_lite,6,isd_lite
2025,3,9,16.0,ghcnd,10.2,ghcnd,21.5,isd_lite,74,isd_lite,0.0,metno_forecast,,,10.3,isd_lite,1024.5,isd_lite,2,isd_lite
2025,3,10,16.4,ghcnd,9.5,ghcnd,22.2,isd_lite,71,isd_lite,0.0,metno_forecast,,,7.5,isd_lite,1018.1,isd_lite,1,isd_lite
2025,3,11,17.9,ghcnd,12.9,ghcnd,22.5,ghcnd,74,isd_lite,0.4,metno_forecast,,,11.5,isd_lite,1020.2,isd_lite,6,isd_lite
2025,3,12,16.4,ghcnd,11.6,ghcnd,22.2,ghcnd,71,isd_lite,0.0,metno_forecast,,,13.5,isd_lite,1026.1,isd_lite,5,isd_lite
2025,3,13,15.4,ghcnd,9.4,ghcnd,21.6,ghcnd,71,isd_lite,0.0,metno_forecast,,,9.4,isd_lite,1024.0,isd_lite,2,isd_lite
2025,3,14,16.4,ghcnd,11.1,ghcnd,21.8,isd_lite,85,isd_lite,,,,,7.0,isd_lite,1020.2,isd_lite,5,isd_lite
2025,3,15,17.2,ghcnd,11.3,ghcnd,23.1,isd_lite,79,isd_lite,,,,,6.8,isd_lite,1020.6,isd_lite,2,isd_lite
2025,3,16,19.6,ghcnd,14.4,ghcnd,24.5,isd_lite,78,isd_lite,,,,,7.4,isd_lite,1021.4,isd_lite,6,isd_lite
2025,3,17,21.4,ghcnd,15.6,ghcnd,27.5,isd_lite,74,isd_lite,,,,,4.8,isd_lite,1019.5,isd_lite,2,isd_lite
2025,3,18,21.8,ghcnd,15.7,ghcnd,28.9,isd_lite,81,isd_lite,,,,,6.2,isd_lite,1017.5,isd_lite,2,isd_lite
2025,3,19,23.3,ghcnd,18.8,ghcnd,29.2,ghcnd,79,isd_lite,,,,,5.1,isd_lite,1017.2,isd_lite,2,isd_lite
2025,3,20,23.5,ghcnd,15.6,ghcnd,29.7,ghcnd,76,isd_lite,,,,,4.6,isd_lite,1017.2,isd_lite,1,isd_lite
2025,3,21,23.7,ghcnd,15.7,ghcnd,31.0,isd_lite,77,isd_lite,,,,,5.2,isd_lite,1015.4,isd_lite,3,isd_lite
2025,3,22,23.2,ghcnd,18.8,ghcnd,31.0,ghcnd,85,isd_lite,16.2,metno_forecast,,,6.3,isd_lite,1012.5,isd_lite,6,isd_lite
2025,3,23,20.1,ghcnd,17.8,ghcnd,27.2,ghcnd,94,isd_lite,41.4,metno_forecast,,,13.2,isd_lite,1014.3,isd_lite,8,isd_lite
2025,3,24,19.9,ghcnd,16.8,ghcnd,23.6,isd_lite,91,isd_lite metno_forecast,8.1,metno_forecast,,,12.8,isd_lite,1017.0,isd_lite,7,isd_lite
2025,3,25,18.6,ghcnd,12.8,ghcnd,24.7,ghcnd,81,isd_lite metno_forecast,0.0,metno_forecast,,,13.9,isd_lite metno_forecast,1021.1,isd_lite metno_forecast,1,isd_lite metno_forecast
2025,3,26,18.1,ghcnd,11.7,ghcnd,24.5,ghcnd,85,isd_lite,0.0,metno_forecast,,,8.7,isd_lite,1017.7,isd_lite,1,isd_lite
2025,3,27,22.8,ghcnd,19.3,ghcnd,27.0,isd_lite metno_forecast,82,isd_lite metno_forecast,5.7,metno_forecast,,,7.9,isd_lite metno_forecast,1012.4,isd_lite metno_forecast,4,isd_lite metno_forecast
2025,3,28,21.7,ghcnd,17.8,ghcnd,27.7,ghcnd,86,isd_lite,16.2,metno_forecast,,,6.6,isd_lite,1011.6,isd_lite,4,isd_lite
2025,3,29,18.1,ghcnd,11.6,ghcnd,25.5,ghcnd,83,isd_lite,0.0,metno_forecast,,,5.5,isd_lite,1015.0,isd_lite,2,isd_lite
2025,3,30,22.7,ghcnd,15.2,ghcnd,29.5,isd_lite,76,isd_lite,11.9,metno_forecast,,,13.0,isd_lite,1008.4,isd_lite,2,isd_lite
2025,3,31,16.3,ghcnd,12.1,ghcnd,29.7,ghcnd,82,isd_lite,20.4,metno_forecast,,,11.6,isd_lite,1017.1,isd_lite,6,isd_lite
2025,4,1,13.7,ghcnd,6.8,ghcnd,21.0,ghcnd,78,isd_lite,0.0,metno_forecast,,,10.2,isd_lite,1023.1,isd_lite,1,isd_lite
2025,4,2,17.1,ghcnd,10.4,ghcnd,24.0,isd_lite,82,isd_lite,0.0,metno_forecast,,,3.3,isd_lite,1014.6,isd_lite,0,isd_lite
2025,4,3,14.4,isd_lite,8.0,isd_lite,20.0,isd_lite,71,isd_lite,0.0,metno_forecast,,,12.4,isd_lite,1017.9,isd_lite,1,isd_lite
2025,4,4,9.7,ghcnd,4.0,ghcnd,20.5,ghcnd,72,isd_lite,0.0,metno_forecast,,,10.8,isd_lite,1031.2,isd_lite,1,isd_lite
2025,4,5,11.1,ghcnd,4.3,ghcnd,17.6,isd_lite,75,isd_lite,0.0,metno_forecast,,,7.3,isd_lite,1031.8,isd_lite,3,isd_lite
2025,4,6,16.1,ghcnd,9.4,ghcnd,21.2,isd_lite,81,isd_lite,0.0,metno_forecast,,,16.9,isd_lite,1027.7,isd_lite,3,isd_lite
2025,4,7,18.1,ghcnd,15.4,ghcnd,22.0,ghcnd,80,isd_lite,9.5,metno_forecast,,,17.2,isd_lite,1023.2,isd_lite,8,isd_lite
2025,4,8,18.1,ghcnd,16.0,ghcnd,20.7,isd_lite,89,isd_lite,5.0,metno_forecast,2,ghcnd,19.1,isd_lite,1019.5,isd_lite,7,isd_lite
2025,4,9,18.8,ghcnd,15.8,ghcnd,21.7,isd_lite,86,isd_lite,1.4,metno_forecast,,,17.8,isd_lite,1019.9,isd_lite,6,isd_lite
2025,4,10,19.7,ghcnd,17.1,ghcnd,22.5,isd_lite,88,isd_lite,0.2,metno_forecast,,,17.3,isd_lite,1018.9,isd_lite,6,isd_lite
2025,4,11,20.6,ghcnd,18.3,ghcnd,24.2,isd_lite,88,isd_lite,1.3,metno_forecast,,,13.7,isd_lite,1016.7,isd_lite,7,isd_lite
2025,4,12,19.6,isd_lite,14.0,isd_lite,24.6,isd_lite,83,isd_lite,3.2,metno_forecast,,,7.6,isd_lite,1014.9,isd_lite,4,isd_lite
2025,4,13,15.4,ghcnd,8.8,ghcnd,24.8,ghcnd,72,isd_lite,0.0,metno_forecast,,,5.2,isd_lite,1018.8,isd_lite,1,isd_lite
2025,4,14,13.8,ghcnd,8.4,ghcnd,22.2,ghcnd,85,isd_lite,0.1,metno_forecast,,,9.2,isd_lite,1020.3,isd_lite,4,isd_lite
2025,4,15,15.1,ghcnd,11.8,ghcnd,20.4,ghcnd,87,isd_lite,8.2,metno_forecast,,,7.0,isd_lite,1018.5,isd_lite,6,isd_lite
2025,4,16,14.1,ghcnd,9.7,ghcnd,19.2,isd_lite,86,isd_lite,0.5,metno_forecast,,,7.8,isd_lite,1016.4,isd_lite,5,isd_lite
2025,4,17,14.9,ghcnd,9.8,ghcnd,20.6,isd_lite,89,isd_lite,12.0,metno_forecast,1,ghcnd,6.2,isd_lite,1015.0,isd_lite,6,isd_lite
2025,4,18,15.5,ghcnd,12.3,ghcnd,21.3,ghcnd,81,isd_lite metno_forecast,0.2,metno_forecast,3,ghcnd,7.0,isd_lite,1017.1,isd_lite,4,isd_lite
2025,4,19,13.2,ghcnd,7.3,ghcnd,21.7,ghcnd,72,isd_lite,0.0,metno_forecast,,,8.8,isd_lite,1022.2,isd_lite,1,isd_lite
2025,4,20,11.9,ghcnd,6.0,ghcnd,19.5,ghcnd,82,isd_lite,0.0,metno_forecast,,,5.3,isd_lite,1021.5,isd_lite,2,isd_lite
2025,4,21,12.7,ghcnd,5.9,ghcnd,18.7,isd_lite,82,isd_lite,0.0,metno_forecast,,,3.9,isd_lite,1019.0,isd_lite,5,isd_lite
2025,4,22,18.1,ghcnd,13.1,ghcnd,23.2,isd_lite,77,isd_lite,0.0,metno_forecast,,,4.5,isd_lite,1015.8,isd_lite,5,isd_lite
2025,4,23,19.6,ghcnd,15.2,ghcnd,25.2,isd_lite,80,isd_lite,0.2,metno_forecast,,,5.2,isd_lite,1013.3,isd_lite,5,isd_lite
2025,4,24,16.6,ghcnd,12.1,ghcnd,25.6,ghcnd,89,isd_lite metno_forecast,0.0,metno_forecast,,,8.3,isd_lite,1013.9,isd_lite,3,isd_lite
2025,4,25,19.3,ghcnd,14.5,ghcnd,25.9,isd_lite,83,isd_lite metno_forecast,19.9,metno_forecast,,,8.4,isd_lite,1008.8,isd_lite,3,isd_lite
2025,4,26,17.4,ghcnd,12.7,ghcnd,26.0,ghcnd,70,isd_lite,13.8,metno_forecast,,,9.8,isd_lite,1012.3,isd_lite,2,isd_lite
2025,4,27,13.3,ghcnd,7.1,ghcnd,21.5,isd_lite,64,isd_lite,0.0,metno_forecast,,,7.7,isd_lite,1016.1,isd_lite,2,isd_lite
2025,4,28,13.4,ghcnd,6.5,ghcnd,21.4,ghcnd,67,isd_lite metno_forecast,0.0,metno_forecast,,,7.0,isd_lite metno_forecast,1017.5,isd_lite metno_forecast,1,isd_lite metno_forecast
2025,4,29,13.4,ghcnd,5.6,ghcnd,21.5,ghcnd,76,isd_lite,0.0,metno_forecast,,,3.6,isd_lite,1017.8,isd_lite,0,isd_lite
2025,4,30,15.0,ghcnd,7.6,ghcnd,23.1,isd_lite,80,isd_lite metno_forecast,0.0,metno_forecast,,,4.7,isd_lite,1017.6,isd_lite,0,isd_lite
2025,5,1,14.9,ghcnd,9.1,ghcnd,23.5,ghcnd,85,isd_lite metno_forecast,0.0,metno_forecast,,,6.5,isd_lite,1017.4,isd_lite,4,isd_lite
2025,5,2,17.3,ghcnd,10.2,ghcnd,23.7,isd_lite,79,isd_lite,0.0,metno_forecast,,,3.1,isd_lite,1017.4,isd_lite,1,isd_lite
2025,5,3,15.1,ghcnd,8.3,ghcnd,23.8,ghcnd,84,isd_lite,0.0,metno_forecast,,,4.5,isd_lite,1018.1,isd_lite,0,isd_lite metno_forecast
2025,5,4,19.1,ghcnd,13.4,ghcnd,25.2,isd_lite,84,isd_lite,15.3,metno_forecast,,,7.0,isd_lite,1016.2,isd_lite,4,isd_lite metno_forecast
2025,5,5,16.5,ghcnd,14.3,ghcnd,26.0,ghcnd,98,isd_lite metno_forecast,25.0,metno_forecast,4,ghcnd,15.0,isd_lite metno_forecast,1018.6,isd_lite metno_forecast,8,isd_lite metno_forecast
2025,5,6,18.7,ghcnd,14.8,ghcnd,21.5,isd_lite,92,isd_lite,11.9,metno_forecast,1,ghcnd,11.9,isd_lite,1014.1,isd_lite,6,isd_lite
2025,5,7,19.3,ghcnd,17.1,ghcnd,22.0,ghcnd,94,isd_lite,4.3,metno_forecast,2,ghcnd,10.8,isd_lite,1010.8,isd_lite,8,isd_lite
2025,5,8,17.9,isd_lite,15.6,isd_lite,19.7,isd_lite,97,isd_lite metno_forecast,6.8,metno_forecast,,,12.1,isd_lite,1008.9,isd_lite,8,isd_lite
2025,5,9,15.8,ghcnd,11.2,ghcnd,21.0,isd_lite,80,isd_lite metno_forecast,0.0,metno_forecast,,,5.9,isd_lite,1013.2,isd_lite,3,isd_lite metno_forecast
2025,5,10,15.6,ghcnd,11.1,ghcnd,21.0,ghcnd,70,isd_lite,0.0,metno_forecast,,,6.7,isd_lite,1020.4,isd_lite,0,isd_lite
2025,5,11,12.0,ghcnd,5.4,ghcnd,20.1,ghcnd,80,isd_lite,0.0,metno_forecast,,,5.6,isd_lite,1026.7,isd_lite,0,isd_lite
2025,5,12,14.7,ghcnd,8.6,ghcnd,18.7,ghcnd,79,isd_lite metno_forecast,0.0,metno_forecast,,,9.6,isd_lite metno_forecast,1024.3,isd_lite metno_forecast,1,isd_lite metno_forecast
2025,5,13,15.8,ghcnd,9.2,ghcnd,21.1,isd_lite,86,isd_lite metno_forecast,0.0,metno_forecast,,,5.9,isd_lite,1018.5,isd_lite,3,isd_lite
2025,5,14,17.4,ghcnd,11.3,ghcnd,24.0,isd_lite,88,isd_lite,0.0,metno_forecast,,,3.0,isd_lite,1018.1,isd_lite,6,isd_lite
2025,5,15,19.3,ghcnd,14.4,ghcnd,24.1,ghcnd,90,isd_lite metno_forecast,10.0,metno_forecast,,,6.6,isd_lite metno_forecast,1016.1,isd_lite metno_forecast,8,isd_lite metno_forecast
2025,5,16,19.5,isd_lite,17.7,isd_lite,21.6,isd_lite,92,isd_lite,20.9,metno_forecast,,,14.5,isd_lite,1014.2,isd_lite,8,isd_lite
2025,5,17,18.0,ghcnd,16.8,ghcnd,20.8,ghcnd,93,isd_lite,22.6,metno_forecast,10,ghcnd,13.4,isd_lite,1008.8,isd_lite,8,isd_lite
2025,5,18,13.1,isd_lite,6.2,isd_lite,17.6,isd_lite,71,isd_lite,16.1,metno_forecast,,,10.1,isd_lite,1015.5,isd_lite,3,isd_lite
2025,5,19,8.7,ghcnd,4.1,ghcnd,16.1,ghcnd,90,isd_lite,1.1,metno_forecast,,,3.6,isd_lite,1020.7,isd_lite,6,isd_lite
2025,5,20,9.2,ghcnd,3.8,ghcnd,15.7,isd_lite,82,isd_lite,0.0,metno_forecast,,,4.3,isd_lite,1022.4,isd_lite,4,isd_lite
2025,5,21,10.2,ghcnd,6.8,ghcnd,16.2,ghcnd,77,isd_lite,0.0,metno_forecast,,,4.9,isd_lite,1024.2,isd_lite,5,isd_lite
2025,5,22,9.3,ghcnd,4.3,ghcnd,15.7,isd_lite,85,isd_lite,0.0,metno_forecast,,,5.2,isd_lite,1026.1,isd_lite,2,isd_lite
2025,5,23,11.1,ghcnd,6.2,ghcnd,16.5,ghcnd,80,isd_lite,0.0,metno_forecast,,,9.4,isd_lite,1024.6,isd_lite,4,isd_lite
2025,5,24,14.5,ghcnd,10.3,ghcnd,17.5,isd_lite,86,isd_lite,0.8,metno_forecast,,,8.9,isd_lite,1022.2,isd_lite,4,isd_lite
2025,5,25,14.2,ghcnd,11.8,ghcnd,17.8,ghcnd,96,isd_lite metno_forecast,0.0,metno_forecast,,,4.8,isd_lite,1018.9,isd_lite,6,isd_lite metno_forecast
2025,5,26,15.3,ghcnd,10.2,ghcnd,18.6,isd_lite,96,isd_lite,0.2,metno_forecast,,,10.0,isd_lite,1013.0,isd_lite,6,isd_lite
2025,5,27,14.0,isd_lite,10.2,isd_lite,17.5,isd_lite,94,isd_lite,12.5,metno_forecast,,,16.7,isd_lite,1010.2,isd_lite,8,isd_lite
2025,5,28,9.1,ghcnd,5.7,ghcnd,15.5,ghcnd,83,isd_lite,0.0,metno_forecast,2,ghcnd,11.8,isd_lite,1022.6,isd_lite,2,isd_lite
2025,5,29,7.2,ghcnd,1.6,ghcnd,13.2,isd_lite,81,isd_lite,0.0,metno_forecast,,,4.1,isd_lite,1025.6,isd_lite,2,isd_lite
2025,5,30,7.8,ghcnd,2.0,ghcnd,14.0,isd_lite,74,isd_lite,0.0,metno_forecast,,,7.9,isd_lite,1022.3,isd_lite,3,isd_lite
2025,5,31,11.3,ghcnd,4.8,ghcnd,16.7,isd_lite,71,isd_lite,0.1,metno_forecast,,,6.3,isd_lite,1021.4,isd_lite,2,isd_lite
2025,6,1,8.5,ghcnd,1.4,ghcnd,17.0,ghcnd,71,isd_lite,0.0,metno_forecast,,,6.0,isd_lite,1023.7,isd_lite,1,isd_lite
2025,6,2,12.1,ghcnd,3.7,ghcnd,16.7,ghcnd,79,isd_lite metno_forecast,0.0,metno_forecast,,,8.7,isd_lite metno_forecast,1020.8,isd_lite metno_forecast,2,isd_lite metno_forecast
2025,6,3,10.8,ghcnd,4.6,ghcnd,16.7,ghcnd,88,isd_lite,0.0,metno_forecast,,,2.9,isd_lite,1017.0,isd_lite,4,isd_lite
2025,6,4,11.3,ghcnd,5.2,ghcnd,17.5,isd_lite,94,isd_lite,0.0,metno_forecast,,,5.7,isd_lite,1013.5,isd_lite,4,isd_lite
2025,6,5,10.1,ghcnd,4.2,ghcnd,17.6,ghcnd,78,isd_lite,0.0,metno_forecast,,,5.9,isd_lite,1020.0,isd_lite,0,isd_lite
2025,6,6,9.7,ghcnd,3.2,ghcnd,18.2,isd_lite,80,isd_lite metno_forecast,0.0,metno_forecast,,,4.1,isd_lite,1021.2,isd_lite,1,isd_lite
2025,6,7,9.3,ghcnd,1.9,ghcnd,18.3,ghcnd,84,isd_lite metno_forecast,0.0,metno_forecast,,,1.9,isd_lite,1020.9,isd_lite,4,isd_lite
2025,6,8,9.2,ghcnd,5.4,ghcnd,18.1,ghcnd,89,isd_lite metno_forecast,0.0,metno_forecast,,,9.7,isd_lite metno_forecast,1023.4,isd_lite metno_forecast,6,isd_lite metno_forecast
2025,6,9,7.3,isd_lite metno_forecast,2.0,isd_lite metno_forecast,12.3,isd_lite metno_forecast,81,isd_lite metno_forecast,0.0,metno_forecast,,,4.5,isd_lite metno_forecast,1026.0,isd_lite metno_forecast,4,isd_lite metno_forecast
2025,6,10,6.9,ghcnd,0.2,ghcnd,15.6,isd_lite,90,isd_lite,0.0,metno_forecast,,,2.5,isd_lite,1025.4,isd_lite,2,isd_lite
2025,6,11,8.4,ghcnd,2.4,ghcnd,15.7,ghcnd,89,isd_lite metno_forecast,0.0,metno_forecast,,,9.0,isd_lite metno_forecast,1027.9,isd_lite metno_forecast,1,isd_lite metno_forecast
2025,6,12,11.7,ghcnd,7.8,ghcnd,16.0,isd_lite,77,isd_lite,0.0,metno_forecast,,,15.2,isd_lite,1022.1,isd_lite,2,isd_lite
2025,6,13,12.3,ghcnd,10.2,ghcnd,16.2,ghcnd,85,isd_lite,10.2,metno_forecast,,,9.0,isd_lite,1018.2,isd_lite,8,isd_lite
2025,6,14,11.1,ghcnd,10.4,ghcnd,13.9,ghcnd,99,isd_lite metno_forecast,24.8,metno_forecast,1,ghcnd,13.3,isd_lite,1015.6,isd_lite,8,isd_lite
2025,6,15,8.2,ghcnd,1.8,ghcnd,14.0,isd_lite,86,isd_lite,0.0,metno_forecast,1,ghcnd,6.6,isd_lite,1015.6,isd_lite,1,isd_lite
2025,6,16,9.7,ghcnd,2.8,ghcnd,14.0,ghcnd,90,isd_lite metno_forecast,2.5,metno_forecast,,,9.5,isd_lite metno_forecast,1015.4,isd_lite metno_forecast,6,isd_lite metno_forecast
2025,6,17,9.2,isd_lite,4.0,isd_lite,10.6,isd_lite,96,isd_lite metno_forecast,0.6,metno_forecast,,,7.4,isd_lite,1017.8,isd_lite,6,isd_lite
2025,6,18,6.3,ghcnd,0.3,ghcnd,15.0,isd_lite,88,isd_lite metno_forecast,0.0,metno_forecast,,,3.9,isd_lite,1024.3,isd_lite,0,isd_lite
2025,6,19,7.9,ghcnd,1.2,ghcnd,16.1,isd_lite,85,isd_lite metno_forecast,0.0,metno_forecast,,,2.5,isd_lite,1025.6,isd_lite,0,isd_lite
2025,6,20,9.0,ghcnd,1.6,ghcnd,17.2,ghcnd,83,isd_lite metno_forecast,0.0,metno_forecast,,,6.8,isd_lite,1020.8,isd_lite,0,isd_lite
2025,6,21,11.7,ghcnd,4.2,ghcnd,16.5,ghcnd,66,isd_lite,0.0,metno_forecast,,,9.1,isd_lite,1012.5,isd_lite,4,isd_lite
2025,6,22,12.2,ghcnd,9.8,ghcnd,16.8,ghcnd,85,isd_lite,0.0,ghcnd,,,11.8,isd_lite,1006.4,isd_lite,7,isd_lite
2025,6,23,5.7,ghcnd,2.8,ghcnd,15.0,ghcnd,75,isd_lite,2.7,metno_forecast,,,22.4,isd_lite,1009.0,isd_lite,8,isd_lite
2025,6,24,7.7,ghcnd,0.2,ghcnd,13.6,isd_lite,54,isd_lite,0.0,metno_forecast,,,14.1,isd_lite,1012.4,isd_lite,0,isd_lite
2025,6,25,10.3,ghcnd,2.4,ghcnd,14.5,isd_lite,62,isd_lite,0.0,metno_forecast,,,11.7,isd_lite,1013.2,isd_lite,2,isd_lite
2025,6,26,6.3,ghcnd,-1.2,ghcnd,14.5,ghcnd,71,isd_lite,0.0,metno_forecast,,,4.0,isd_lite,1019.4,isd_lite,1,isd_lite metno_forecast
2025,6,27,7.2,ghcnd,-0.2,ghcnd,15.2,isd_lite,63,isd_lite metno_forecast,0.0,metno_forecast,,,4.0,isd_lite,1022.5,isd_lite,1,isd_lite
2025,6,28,5.6,ghcnd,-1.6,ghcnd,15.3,ghcnd,82,isd_lite,0.0,metno_forecast,,,8.4,isd_lite,1022.0,isd_lite,4,isd_lite
2025,6,29,4.7,isd_lite,1.2,isd_lite,8.2,isd_lite,84,isd_lite,0.5,metno_forecast,,,12.2,isd_lite,1028.7,isd_lite,6,isd_lite
2025,6,30,2.3,ghcnd,0.5,ghcnd,8.6,ghcnd,87,isd_lite,0.0,metno_forecast,,,10.8,isd_lite,1030.7,isd_lite,6,isd_lite
2025,7,1,2.3,ghcnd,-3.3,ghcnd,9.2,isd_lite,75,isd_lite,0.0,metno_forecast,,,5.2,isd_lite,1033.4,isd_lite,0,isd_lite
2025,7,2,1.1,ghcnd,-5.2,ghcnd,9.7,isd_lite metno_forecast,77,isd_lite metno_forecast,0.0,metno_forecast,,,2.8,isd_lite metno_forecast,1035.5,isd_lite metno_forecast,0,isd_lite metno_forecast
2025,7,3,5.9,ghcnd,-3.8,ghcnd,12.5,isd_lite,80,isd_lite,0.0,metno_forecast,,,8.7,isd_lite,1031.1,isd_lite,3,isd_lite metno_forecast
2025,7,4,9.5,ghcnd,4.6,ghcnd,14.5,isd_lite,86,isd_lite metno_forecast,0.0,metno_forecast,,,6.1,isd_lite,1025.8,isd_lite,4,isd_lite
2025,7,5,8.3,ghcnd,3.0,ghcnd,14.5,ghcnd,90,isd_lite,0.0,metno_forecast,,,9.3,isd_lite,1026.6,isd_lite,6,isd_lite
2025,7,6,9.2,ghcnd,5.0,ghcnd,15.0,ghcnd,90,isd_lite,0.0,metno_forecast,,,11.8,isd_lite,1024.5,isd_lite,3,isd_lite
2025,7,7,11.7,ghcnd,6.0,ghcnd,17.5,isd_lite,90,isd_lite,1.0,metno_forecast,,,3.5,isd_lite,1023.9,isd_lite,4,isd_lite
2025,7,8,7.9,ghcnd,4.3,ghcnd,17.6,ghcnd,99,isd_lite metno_forecast,0.0,metno_forecast,,,2.5,isd_lite,1025.3,isd_lite,6,metno_forecast isd_lite
2025,7,9,9.9,ghcnd,4.1,ghcnd,18.1,isd_lite,90,isd_lite metno_forecast,0.0,metno_forecast,,,7.3,isd_lite,1026.2,isd_lite,6,isd_lite metno_forecast
2025,7,10,11.0,ghcnd,8.0,ghcnd,18.6,ghcnd,89,isd_lite,0.3,metno_forecast,,,7.3,isd_lite,1026.4,isd_lite,7,isd_lite
2025,7,11,11.2,ghcnd,6.3,ghcnd,16.7,isd_lite,90,isd_lite,0.0,metno_forecast,,,2.5,isd_lite,1027.0,isd_lite,6,isd_lite metno_forecast
2025,7,12,10.7,ghcnd,6.5,ghcnd,17.2,ghcnd,92,isd_lite metno_forecast,0.0,metno_forecast,,,5.4,isd_lite,1027.4,isd_lite,6,isd_lite metno_forecast
2025,7,13,9.7,ghcnd,4.9,ghcnd,15.2,ghcnd,92,isd_lite metno_forecast,0.0,metno_forecast,,,5.5,isd_lite metno_forecast,1026.0,isd_lite metno_forecast,2,isd_lite metno_forecast
2025,7,14,10.1,ghcnd,8.1,ghcnd,11.5,isd_lite,96,isd_lite metno_forecast,0.0,metno_forecast,,,11.7,isd_lite,1023.9,isd_lite,4,isd_lite metno_forecast
2025,7,15,13.6,ghcnd,8.8,ghcnd,18.5,isd_lite,92,isd_lite,0.5,metno_forecast,,,10.4,isd_lite,1016.8,isd_lite,6,isd_lite
2025,7,16,12.9,isd_lite,8.7,isd_lite,16.7,isd_lite,96,isd_lite,14.6,metno_forecast,,,16.4,isd_lite,1015.8,isd_lite,8,isd_lite
2025,7,17,8.4,ghcnd,6.8,ghcnd,14.8,ghcnd,92,isd_lite metno_forecast,0.0,metno_forecast,,,13.9,isd_lite,1021.0,isd_lite,5,isd_lite
2025,7,18,7.9,ghcnd,2.1,ghcnd,14.0,isd_lite,85,isd_lite,0.0,metno_forecast,,,8.8,isd_lite,1021.2,isd_lite,0,isd_lite
2025,7,19,11.4,ghcnd,4.3,ghcnd,15.1,isd_lite,82,isd_lite,0.0,metno_forecast,,,12.7,isd_lite,1020.3,isd_lite,4,isd_lite
2025,7,20,12.7,ghcnd,4.4,ghcnd,17.5,isd_lite,84,isd_lite,0.0,metno_forecast,,,6.0,isd_lite,1019.3,isd_lite,4,isd_lite
2025,7,21,11.8,ghcnd,5.6,ghcnd,19.0,isd_lite metno_forecast,90,isd_lite metno_forecast,0.0,metno_forecast,,,2.6,isd_lite metno_forecast,1016.6,isd_lite metno_forecast,3,isd_lite metno_forecast
2025,7,22,9.5,ghcnd,6.3,ghcnd,19.4,ghcnd,92,isd_lite metno_forecast,0.0,metno_forecast,,,8.8,isd_lite,1022.2,isd_lite,7,isd_lite metno_forecast
2025,7,23,5.7,ghcnd,0.3,ghcnd,11.8,ghcnd,81,isd_lite,0.0,metno_forecast,,,10.2,isd_lite,1030.1,isd_lite,5,isd_lite
2025,7,24,8.4,ghcnd,1.3,ghcnd,14.5,isd_lite,85,isd_lite,0.0,metno_forecast,,,10.1,isd_lite,1024.1,isd_lite,3,isd_lite
2025,7,25,11.8,ghcnd,4.1,ghcnd,14.5,ghcnd,94,isd_lite,5.7,metno_forecast,1,ghcnd,5.8,isd_lite,1015.8,isd_lite,8,isd_lite
2025,7,26,8.9,ghcnd,6.0,ghcnd,13.3,ghcnd,83,isd_lite,0.0,metno_forecast,,,18.0,isd_lite,1022.4,isd_lite,7,isd_lite
2025,7,27,9.3,ghcnd,6.6,ghcnd,12.5,isd_lite,81,isd_lite,0.0,metno_forecast,,,19.7,isd_lite,1023.0,isd_lite,7,isd_lite
2025,7,28,10.2,ghcnd,5.8,ghcnd,15.1,isd_lite metno_forecast,80,isd_lite metno_forecast,0.0,metno_forecast,,,12.5,isd_lite metno_forecast,1027.9,isd_lite metno_forecast,3,isd_lite metno_forecast
2025,7,29,9.1,ghcnd,3.8,ghcnd,15.3,ghcnd,91,isd_lite metno_forecast,0.0,metno_forecast,,,6.3,isd_lite metno_forecast,1026.6,isd_lite metno_forecast,4,isd_lite metno_forecast
2025,7,30,12.3,ghcnd,6.8,ghcnd,17.5,isd_lite,68,isd_lite,0.0,metno_forecast,,,13.1,isd_lite,1019.8,isd_lite,5,isd_lite
2025,7,31,13.5,ghcnd,9.0,ghcnd,17.7,ghcnd,69,isd_lite,0.0,metno_forecast,,,12.2,isd_lite,1015.2,isd_lite,6,isd_lite
2025,8,1,15.6,ghcnd,10.3,ghcnd,18.5,ghcnd,85,isd_lite,11.9,ghcnd,,,11.7,isd_lite,1008.2,isd_lite,7,isd_lite
2025,8,2,14.7,ghcnd,11.0,ghcnd,18.5,isd_lite,82,isd_lite,0.0,ghcnd,2,ghcnd,7.7,isd_lite,1012.1,isd_lite,4,isd_lite
2025,8,3,11.8,ghcnd,5.8,ghcnd,18.5,ghcnd,59,isd_lite,0.0,metno_forecast,,,6.5,isd_lite,1021.7,isd_lite,4,isd_lite
2025,8,4,9.6,ghcnd,4.8,ghcnd,17.2,ghcnd,65,isd_lite,0.0,metno_forecast,,,8.4,isd_lite,1030.4,isd_lite,2,isd_lite
2025,8,5,6.3,ghcnd,1.4,ghcnd,14.6,ghcnd,82,isd_lite metno_forecast,0.0,metno_forecast,,,5.9,isd_lite metno_forecast,1032.3,isd_lite metno_forecast,2,isd_lite metno_forecast
2025,8,6,8.8,ghcnd,2.6,ghcnd,15.6,isd_lite,84,isd_lite,0.0,metno_forecast,,,4.4,isd_lite,1024.9,isd_lite,5,isd_lite
2025,8,7,8.8,ghcnd,5.3,ghcnd,16.5,ghcnd,84,isd_lite metno_forecast,0.2,metno_forecast,,,11.0,isd_lite,1025.0,isd_lite,6,isd_lite
2025,8,8,8.4,ghcnd,5.5,ghcnd,13.0,isd_lite,75,isd_lite,0.0,metno_forecast,,,10.6,isd_lite,1027.9,isd_lite,4,isd_lite
2025,8,9,6.7,ghcnd,0.3,ghcnd,14.1,isd_lite,82,isd_lite metno_forecast,0.0,metno_forecast,,,4.9,isd_lite,1025.4,isd_lite,0,isd_lite
2025,8,10,7.5,ghcnd,-0.2,ghcnd,16.6,isd_lite,78,isd_lite metno_forecast,0.0,metno_forecast,,,4.0,isd_lite,1025.1,isd_lite,0,isd_lite
2025,8,11,10.4,ghcnd,2.6,ghcnd,17.5,isd_lite,74,isd_lite,0.0,metno_forecast,,,8.2,isd_lite,1022.0,isd_lite,2,isd_lite
2025,8,12,14.3,ghcnd,9.4,ghcnd,18.6,isd_lite,72,isd_lite,0.0,metno_forecast,,,11.4,isd_lite,1015.2,isd_lite,6,isd_lite
2025,8,13,10.9,ghcnd,7.2,ghcnd,19.0,ghcnd,72,isd_lite,0.0,metno_forecast,,,15.0,isd_lite,1024.7,isd_lite,6,isd_lite
2025,8,14,6.9,ghcnd,0.7,ghcnd,13.7,ghcnd,77,isd_lite,0.0,metno_forecast,,,10.1,isd_lite,1032.8,isd_lite,2,isd_lite
2025,8,15,5.2,ghcnd,-0.5,ghcnd,10.9,ghcnd,83,isd_lite,0.0,metno_forecast,,,10.5,isd_lite,1030.7,isd_lite,5,isd_lite
2025,8,16,9.3,ghcnd,4.2,ghcnd,13.0,isd_lite,88,isd_lite,0.9,metno_forecast,,,13.5,isd_lite,1024.0,isd_lite,7,isd_lite
2025,8,17,12.6,ghcnd,7.8,ghcnd,16.2,isd_lite,92,isd_lite,0.0,metno_forecast,,,14.2,isd_lite,1022.3,isd_lite,8,isd_lite
2025,8,18,13.4,ghcnd,10.8,ghcnd,16.5,ghcnd,90,isd_lite,0.7,metno_forecast,,,12.1,isd_lite,1021.0,isd_lite,6,isd_lite
2025,8,19,14.3,ghcnd,11.9,ghcnd,16.6,ghcnd,98,isd_lite metno_forecast,63.2,metno_forecast,2,ghcnd,24.2,isd_lite metno_forecast,1008.0,isd_lite metno_forecast,8,isd_lite metno_forecast
2025,8,20,13.9,isd_lite,12.2,isd_lite,15.6,isd_lite,87,isd_lite,12.5,metno_forecast,,,16.9,isd_lite,1000.2,isd_lite,6,isd_lite metno_forecast
2025,8,21,13.5,ghcnd,6.7,ghcnd,18.6,isd_lite,69,isd_lite,0.0,metno_forecast,1,ghcnd,10.8,isd_lite,1010.7,isd_lite,2,isd_lite metno_forecast
2025,8,22,13.5,isd_lite,9.6,isd_lite,19.2,isd_lite,81,isd_lite,2.2,metno_forecast,,,13.0,isd_lite,1006.2,isd_lite,6,isd_lite metno_forecast
2025,8,23,10.1,ghcnd,4.3,ghcnd,19.2,ghcnd,64,isd_lite,0.0,metno_forecast,,,9.3,isd_lite,1021.1,isd_lite,2,isd_lite metno_forecast
2025,8,24,11.0,ghcnd,4.8,ghcnd,17.7,isd_lite metno_forecast,44,isd_lite metno_forecast,0.0,metno_forecast,,,16.7,isd_lite metno_forecast,1022.0,isd_lite metno_forecast,1,metno_forecast isd_lite
2025,8,25,13.2,metno_forecast,8.8,metno_forecast,19.0,metno_forecast,61,metno_forecast,0.0,metno_forecast,,,14.7,metno_forecast,1020.2,metno_forecast,0,metno_forecast
2025,8,26,12.5,metno_forecast,7.0,metno_forecast,19.3,metno_forecast,70,metno_forecast,0.0,metno_forecast,,,7.8,metno_forecast,1025.9,metno_forecast,0,metno_forecast
2025,8,27,13.1,metno_forecast,8.0,metno_forecast,19.6,metno_forecast,77,metno_forecast,0.0,metno_forecast,,,10.2,metno_forecast,1026.9,metno_forecast,0,metno_forecast
2025,8,28,13.8,metno_forecast,8.9,metno_forecast,19.5,metno_forecast,84,metno_forecast,0.0,metno_forecast,,,12.4,metno_forecast,1024.3,metno_forecast,1,metno_forecast
2025,8,29,15.3,metno_forecast,12.9,metno_forecast,19.7,metno_forecast,89,metno_forecast,0.0,metno_forecast,,,16.8,metno_forecast,1019.5,metno_forecast,5,metno_forecast
2025,8,30,16.0,metno_forecast,13.3,metno_forecast,20.0,metno_forecast,90,metno_forecast,0.0,metno_forecast,,,17.9,metno_forecast,1019.1,metno_forecast,7,metno_forecast
2025,8,31,17.3,metno_forecast,13.4,metno_forecast,22.0,metno_forecast,90,metno_forecast,8.4,metno_forecast,,,21.7,metno_forecast,1014.4,metno_forecast,8,metno_forecast
2025,9,1,14.4,metno_forecast,10.3,metno_forecast,18.6,metno_forecast,83,metno_forecast,17.1,metno_forecast,,,21.5,metno_forecast,1013.4,metno_forecast,6,metno_forecast
2025,9,2,11.2,metno_forecast,7.9,metno_forecast,16.2,metno_forecast,85,metno_forecast,3.6,metno_forecast,,,10.3,metno_forecast,1016.5,metno_forecast,6,metno_forecast
2025,9,3,11.7,metno_forecast,6.5,metno_forecast,18.5,metno_forecast,78,metno_forecast,0.0,metno_forecast,,,11.0,metno_forecast,1014.6,metno_forecast,4,metno_forecast
2025,9,4,7.6,metno_forecast,3.9,metno_forecast,11.0,metno_forecast,56,metno_forecast,0.0,metno_forecast,,,14.4,metno_forecast,1025.2,metno_forecast,3,metno_forecast
2025,9,5,6.5,metno_forecast,0.2,metno_forecast,12.3,metno_forecast,66,metno_forecast,0.0,metno_forecast,,,9.6,metno_forecast,1029.4,metno_forecast,1,metno_forecast
2025,9,6,7.3,metno_forecast,0.9,metno_forecast,13.5,metno_forecast,66,metno_forecast,0.0,metno_forecast,,,7.4,metno_forecast,1028.5,metno_forecast,1,metno_forecast
2025,9,7,9.6,metno_forecast,5.0,metno_forecast,13.5,metno_forecast,68,metno_forecast,0.0,metno_forecast,,,14.0,metno_forecast,1024.7,metno_forecast,3,metno_forecast
2025,9,8,12.4,metar metno_forecast,8.7,metar metno_forecast,18.0,metar metno_forecast,82,metar metno_forecast,0.0,metno_forecast,,,9.5,metno_forecast metar,1017.1,metar metno_forecast,7,metno_forecast
2025,9,9,13.3,metar,6.0,metar,22.0,metar,70,metar,0.0,metno_forecast,,,6.8,metar,1016.7,metar,2,metno_forecast
2025,9,10,15.5,metar,11.0,metar,21.0,metar,70,metar,0.0,metno_forecast,,,10.6,metar,1016.2,metar,5,metno_forecast
2025,9,11,14.5,metar,9.0,metar,22.0,metar,65,metar,0.0,metno_forecast,,,8.3,metar,1023.3,metar,0,metno_forecast
2025,9,12,13.0,metar,5.0,metar,20.0,metar,75,metar,0.0,metno_forecast,,,6.8,metar,1023.5,metar,2,metno_forecast metar
2025,9,13,13.8,metar,11.0,metar,18.0,metar,79,metar,5.3,metno_forecast,,,15.0,metar,1018.8,metar,3,metno_forecast metar
2025,9,14,16.2,metar,10.0,metar,22.0,metar,82,metar,0.8,metno_forecast,,,8.3,metar,1017.9,metar,3,metno_forecast metar
2025,9,15,14.1,metar metno_forecast,9.0,metar metno_forecast,19.0,metar metno_forecast,89,metar metno_forecast,1.1,metno_forecast,,,8.8,metar metno_forecast,1019.0,metar metno_forecast,5,metar metno_forecast
2025,9,16,13.9,metar metno_forecast,8.0,metar metno_forecast,20.0,metar metno_forecast,87,metar metno_forecast,0.0,metno_forecast,,,8.3,metar metno_forecast,1018.9,metar metno_forecast,5,metno_forecast metar
2025,9,17,15.5,metar,10.0,metar,20.0,metar,92,metar,0.0,metno_forecast,,,7.8,metar,1018.3,metar,5,metno_forecast metar
2025,9,18,16.8,metar metno_forecast,13.0,metar metno_forecast,22.0,metar metno_forecast,90,metar metno_forecast,0.5,metno_forecast,,,8.9,metar metno_forecast,1016.1,metar metno_forecast,5,metno_forecast metar
2025,9,19,16.5,metar metno_forecast,14.0,metar metno_forecast,19.7,metar metno_forecast,97,metar metno_forecast,25.0,metno_forecast,,,9.9,metar metno_forecast,1011.6,metar metno_forecast,4,metar metno_forecast
2025,9,20,15.3,metar,13.0,metar,17.0,metar,94,metar,31.8,metno_forecast,,,18.5,metar,1009.9,metar,7,metar metno_forecast
2025,9,21,12.9,metar metno_forecast,9.0,metar metno_forecast,15.0,metar metno_forecast,90,metar metno_forecast,0.0,metno_forecast,,,11.2,metar metno_forecast,1003.9,metar metno_forecast,5,metar metno_forecast
2025,9,22,13.5,metar,8.0,metar,20.0,metar,75,metar,0.1,metno_forecast,,,9.2,metar,1009.1,metar,1,metno_forecast metar
2025,9,23,12.5,metar metno_forecast,5.0,metar metno_forecast,18.0,metar metno_forecast,65,metar metno_forecast,0.0,metno_forecast,,,7.8,metar metno_forecast,1020.0,metar metno_forecast,4,metno_forecast metar
2025,9,24,9.5,metar,4.0,metar,15.0,metar,75,metar,0.0,metno_forecast,,,12.7,metar,1033.7,metar,1,metno_forecast metar
2025,9,25,11.3,metar,6.0,metar,16.0,metar,78,metar,0.0,metno_forecast,,,14.8,metar,1032.0,metar,2,metno_forecast metar
2025,9,26,15.8,metar metno_forecast,11.0,metar metno_forecast,22.0,metar metno_forecast,70,metar metno_forecast,0.1,metno_forecast,,,23.0,metar metno_forecast,1020.5,metar metno_forecast,3,metno_forecast metar
2025,9,27,14.9,metar,14.0,metar,17.0,metar,90,metar,31.3,metno_forecast,,,16.9,metar,1011.2,metar,6,metar
2025,9,28,15.3,metar metno_forecast,10.0,metar metno_forecast,22.0,metar metno_forecast,72,metar metno_forecast,0.0,metno_forecast,,,9.9,metar metno_forecast,1013.6,metar metno_forecast,2,metno_forecast metar
2025,9,29,16.2,metar metno_forecast,9.0,metar metno_forecast,22.0,metar metno_forecast,75,metar metno_forecast,0.3,metno_forecast,,,5.9,metar metno_forecast,1016.8,metar metno_forecast,6,metno_forecast metar
2025,9,30,16.5,metar,10.0,metar,23.0,metar,74,metar,0.0,metno_forecast,,,6.6,metar,1021.0,metar,2,metno_forecast metar
2025,10,1,14.9,metar,7.0,metar,22.0,metar,68,metar,0.0,metno_forecast,,,6.0,metar,1026.2,metar,1,metno_forecast
2025,10,2,16.5,metar,11.0,metar,22.0,metar,80,metar,0.0,metno_forecast,,,7.4,metar,1022.6,metar,2,metno_forecast
2025,10,3,18.0,metar metno_forecast,13.0,metar metno_forecast,25.0,metar metno_forecast,89,metar metno_forecast,0.0,metno_forecast,,,8.9,metar metno_forecast,1014.7,metar metno_forecast,3,metno_forecast metar
2025,10,4,21.7,metar,17.0,metar,27.0,metar,86,metar,0.0,metno_forecast,,,9.6,metar,1007.4,metar,2,metar metno_forecast
2025,10,5,17.8,metar metno_forecast,11.0,metar metno_forecast,23.0,metar metno_forecast,89,metar metno_forecast,16.8,metno_forecast,,,16.7,metar metno_forecast,1006.5,metar metno_forecast,7,metar metno_forecast
2025,10,6,11.8,metar,8.0,metar,16.0,metar,74,metar,0.2,metno_forecast,,,9.5,metar,1017.6,metar,4,metno_forecast metar
2025,10,7,15.2,metar metno_forecast,7.0,metar metno_forecast,23.0,metar metno_forecast,62,metar metno_forecast,0.0,metno_forecast,,,9.1,metar metno_forecast,1020.3,metar metno_forecast,1,metno_forecast
2025,10,8,17.6,metar,8.0,metar,24.0,metar,60,metar,0.0,metno_forecast,,,4.1,metar,1021.9,metar,1,metno_forecast
2025,10,9,19.8,metar metno_forecast,15.8,metar metno_forecast,23.0,metar metno_forecast,58,metar metno_forecast,0.0,metno_forecast,,,7.3,metar metno_forecast,1018.3,metar metno_forecast,1,metno_forecast
2025,10,10,19.4,metar metno_forecast,12.0,metar metno_forecast,25.0,metar metno_forecast,70,metar metno_forecast,0.0,metno_forecast,,,4.5,metar metno_forecast,1014.5,metar metno_forecast,7,metno_forecast
2025,10,11,19.8,metar,14.0,metar,25.0,metar,80,metar,0.3,metno_forecast,,,8.5,metar,1007.3,metar,6,metno_forecast metar
2025,10,12,15.6,metar metno_forecast,13.9,metar metno_forecast,18.0,metar metno_forecast,82,metar metno_forecast,3.6,metno_forecast,,,12.6,metar metno_forecast,1003.0,metar metno_forecast,5,metar metno_forecast
2025,10,13,16.6,metar metno_forecast,13.0,metar metno_forecast,23.0,metar metno_forecast,76,metar metno_forecast,0.3,metno_forecast,,,13.6,metar metno_forecast,1006.9,metar metno_forecast,4,metno_forecast metar
2025,10,14,16.7,metar metno_forecast,10.0,metar metno_forecast,22.0,metar metno_forecast,78,metar metno_forecast,0.0,metno_forecast,,,8.8,metar metno_forecast,1015.0,metar metno_forecast,1,metno_forecast
2025,10,15,19.6,metar metno_forecast,15.0,metar metno_forecast,25.0,metar metno_forecast,76,metar metno_forecast,0.0,metno_forecast,,,8.8,metar metno_forecast,1013.8,metar metno_forecast,5,metno_forecast
2025,10,16,19.8,metno_forecast,14.6,metno_forecast,25.9,metno_forecast,80,metno_forecast,0.0,metno_forecast,,,6.9,metno_forecast,1014.0,metno_forecast,6,metno_forecast
2025,10,17,17.4,metno_forecast,12.6,metno_forecast,22.4,metno_forecast,71,metno_forecast,0.0,metno_forecast,,,14.0,metno_forecast,1017.4,metno_forecast,7,metno_forecast
